{
  "model": "google/gemma-2-27b-it",
  "short_name": "gemma-2-27b-it",
  "n_layers": 46,
  "n_kv_heads": 16,
  "head_dim": 128,
  "n_params_b": 27.23,
  "n_sequences": 100,
  "max_length": 512,
  "calibration_dataset": "wikitext-103-raw-v1",
  "measurement_time_s": 222.1,
  "gpu": "NVIDIA B200",
  "key_deff": 3.2543,
  "val_deff": 12.2312,
  "kappa": 1.1485,
  "key_pct": 2.54,
  "key_deff_per_layer": [
    9.3834,
    8.215,
    7.6347,
    5.2941,
    4.3371,
    10.4663,
    6.3562,
    10.6727,
    6.9194,
    7.7405,
    7.9042,
    6.0548,
    8.2258,
    8.1687,
    5.7577,
    6.565,
    1.0,
    1.0,
    1.0,
    1.0,
    1.0,
    1.0,
    1.0,
    1.0,
    1.0,
    1.0,
    1.0,
    1.0,
    1.0,
    1.0,
    1.0,
    1.0,
    1.0,
    1.0,
    1.0,
    1.0,
    1.0,
    1.0,
    1.0,
    1.0,
    1.0,
    1.0,
    1.0,
    1.0,
    1.0,
    1.0
  ],
  "val_deff_per_layer": [
    7.8307,
    22.122,
    19.2685,
    40.69,
    37.4794,
    17.8724,
    15.0613,
    30.0001,
    31.3997,
    25.9971,
    45.7708,
    67.4654,
    39.2878,
    30.4306,
    46.8912,
    55.0693,
    1.0,
    1.0,
    1.0,
    1.0,
    1.0,
    1.0,
    1.0,
    1.0,
    1.0,
    1.0,
    1.0,
    1.0,
    1.0,
    1.0,
    1.0,
    1.0,
    1.0,
    1.0,
    1.0,
    1.0,
    1.0,
    1.0,
    1.0,
    1.0,
    1.0,
    1.0,
    1.0,
    1.0,
    1.0,
    1.0
  ],
  "kappa_per_layer": [
    1.1693,
    1.1156,
    1.1707,
    1.2186,
    1.19,
    1.1502,
    1.1755,
    1.1522,
    1.1043,
    1.1681,
    1.1027,
    1.1299,
    1.1286,
    1.1041,
    1.1292,
    1.1671,
    NaN,
    NaN,
    NaN,
    NaN,
    NaN,
    NaN,
    NaN,
    NaN,
    NaN,
    NaN,
    NaN,
    NaN,
    NaN,
    NaN,
    NaN,
    NaN,
    NaN,
    NaN,
    NaN,
    NaN,
    NaN,
    NaN,
    NaN,
    NaN,
    NaN,
    NaN,
    NaN,
    NaN,
    NaN,
    NaN
  ],
  "dims95_per_layer": [
    63.4,
    70.3,
    53.1,
    78.1,
    79.6,
    59.6,
    52.8,
    76.2,
    80.7,
    75.4,
    89.1,
    85.8,
    87.2,
    85.9,
    90.2,
    88.8,
    1.0,
    1.0,
    1.0,
    1.0,
    1.0,
    1.0,
    1.0,
    1.0,
    1.0,
    1.0,
    1.0,
    1.0,
    1.0,
    1.0,
    1.0,
    1.0,
    1.0,
    1.0,
    1.0,
    1.0,
    1.0,
    1.0,
    1.0,
    1.0,
    1.0,
    1.0,
    1.0,
    1.0,
    1.0,
    1.0
  ],
  "representative_spectra": {
    "layer_0": {
      "key_eigenvalues": [
        28.072357177734375,
        8.102713584899902,
        5.412099838256836,
        3.9028432369232178,
        2.7918732166290283,
        2.3771770000457764,
        1.7049509286880493,
        1.3999358415603638,
        1.3408273458480835,
        1.2782127857208252,
        1.1330877542495728,
        0.9933913946151733,
        0.9621886014938354,
        0.9477109313011169,
        0.9405159950256348,
        0.9036039710044861,
        0.8749604225158691,
        0.8541120290756226,
        0.8265904188156128,
        0.816032886505127,
        0.7836722731590271,
        0.7503598928451538,
        0.731348991394043,
        0.7125221490859985,
        0.6943215131759644,
        0.6742333173751831,
        0.6739000678062439,
        0.6586200594902039,
        0.6190738677978516,
        0.6018054485321045,
        0.5875165462493896,
        0.5430082678794861,
        0.5332117676734924,
        0.531724750995636,
        0.5099754929542542,
        0.504562497138977,
        0.4950648546218872,
        0.48382124304771423,
        0.4776821434497833,
        0.4749685525894165,
        0.4712836444377899,
        0.45678988099098206,
        0.45236390829086304,
        0.4412606358528137,
        0.4333360195159912,
        0.4286060035228729,
        0.4244593679904938,
        0.41741323471069336,
        0.41219934821128845,
        0.40832340717315674,
        0.39863157272338867,
        0.3936094045639038,
        0.3872417211532593,
        0.38372576236724854,
        0.37872979044914246,
        0.3764987885951996,
        0.364818811416626,
        0.36318081617355347,
        0.3559642434120178,
        0.34289970993995667,
        0.32297399640083313,
        0.30123376846313477,
        0.2888929545879364,
        0.28587254881858826
      ],
      "val_eigenvalues": [
        163.3541717529297,
        4.342824459075928,
        2.48452091217041,
        2.0092999935150146,
        1.2528918981552124,
        0.8504126667976379,
        0.7854658961296082,
        0.6330308318138123,
        0.587849497795105,
        0.541080892086029,
        0.4440400004386902,
        0.4286319315433502,
        0.38821661472320557,
        0.32422205805778503,
        0.31323274970054626,
        0.2952241003513336,
        0.25049978494644165,
        0.23621980845928192,
        0.21607495844364166,
        0.196341410279274,
        0.17928968369960785,
        0.16613663733005524,
        0.15573279559612274,
        0.1310839205980301,
        0.1247788518667221,
        0.11910643428564072,
        0.1105625107884407,
        0.10716283321380615,
        0.09339576214551926,
        0.08944498747587204,
        0.08305740356445312,
        0.08025607466697693,
        0.0738491639494896,
        0.07302742451429367,
        0.06306980550289154,
        0.059225987643003464,
        0.05536695569753647,
        0.05492410808801651,
        0.05239666998386383,
        0.04798261448740959,
        0.045093461871147156,
        0.0430741161108017,
        0.03976527974009514,
        0.03868604451417923,
        0.034940384328365326,
        0.0323878638446331,
        0.031855449080467224,
        0.028926270082592964,
        0.0265890471637249,
        0.02507947012782097,
        0.023703143000602722,
        0.021024923771619797,
        0.020822538062930107,
        0.019753312692046165,
        0.018563734367489815,
        0.017988720908761024,
        0.01656712405383587,
        0.015747539699077606,
        0.014724815264344215,
        0.01442877296358347,
        0.012973939999938011,
        0.012515997514128685,
        0.011715637519955635,
        0.011157762259244919
      ],
      "key_d_eff": 9.142655372619629,
      "val_d_eff": 1.2491888999938965
    },
    "layer_23": {
      "key_eigenvalues": [
        NaN,
        NaN,
        NaN,
        NaN,
        NaN,
        NaN,
        NaN,
        NaN,
        NaN,
        NaN,
        NaN,
        NaN,
        NaN,
        NaN,
        NaN,
        NaN,
        NaN,
        NaN,
        NaN,
        NaN,
        NaN,
        NaN,
        NaN,
        NaN,
        NaN,
        NaN,
        NaN,
        NaN,
        NaN,
        NaN,
        NaN,
        NaN,
        NaN,
        NaN,
        NaN,
        NaN,
        NaN,
        NaN,
        NaN,
        NaN,
        NaN,
        NaN,
        NaN,
        NaN,
        NaN,
        NaN,
        NaN,
        NaN,
        NaN,
        NaN,
        NaN,
        NaN,
        NaN,
        NaN,
        NaN,
        NaN,
        NaN,
        NaN,
        NaN,
        NaN,
        NaN,
        NaN,
        NaN,
        NaN
      ],
      "val_eigenvalues": [
        NaN,
        NaN,
        NaN,
        NaN,
        NaN,
        NaN,
        NaN,
        NaN,
        NaN,
        NaN,
        NaN,
        NaN,
        NaN,
        NaN,
        NaN,
        NaN,
        NaN,
        NaN,
        NaN,
        NaN,
        NaN,
        NaN,
        NaN,
        NaN,
        NaN,
        NaN,
        NaN,
        NaN,
        NaN,
        NaN,
        NaN,
        NaN,
        NaN,
        NaN,
        NaN,
        NaN,
        NaN,
        NaN,
        NaN,
        NaN,
        NaN,
        NaN,
        NaN,
        NaN,
        NaN,
        NaN,
        NaN,
        NaN,
        NaN,
        NaN,
        NaN,
        NaN,
        NaN,
        NaN,
        NaN,
        NaN,
        NaN,
        NaN,
        NaN,
        NaN,
        NaN,
        NaN,
        NaN,
        NaN
      ],
      "key_d_eff": 1.0,
      "val_d_eff": 1.0
    },