{
  "model": "google/gemma-2-2b-it",
  "short_name": "gemma-2-2b-it",
  "n_layers": 26,
  "n_kv_heads": 4,
  "head_dim": 256,
  "n_params_b": 2.61,
  "n_sequences": 100,
  "max_length": 512,
  "calibration_dataset": "wikitext-103-raw-v1",
  "measurement_time_s": 49.3,
  "gpu": "NVIDIA B200",
  "key_deff": 6.9759,
  "val_deff": 56.0824,
  "kappa": 1.1266,
  "key_pct": 2.72,
  "key_deff_per_layer": [
    5.793,
    6.9548,
    5.87,
    5.7433,
    5.5599,
    6.5614,
    10.7192,
    4.9486,
    10.5254,
    8.2327,
    7.8041,
    6.2127,
    10.6535,
    5.0678,
    9.3854,
    4.4635,
    9.5423,
    6.268,
    7.473,
    5.6975,
    6.8944,
    6.5635,
    8.3416,
    5.9219,
    6.0575,
    4.1172
  ],
  "val_deff_per_layer": [
    28.0804,
    51.1404,
    53.0665,
    35.3944,
    69.0783,
    44.1049,
    40.5525,
    84.6112,
    48.7431,
    46.9279,
    41.9386,
    61.1927,
    45.1563,
    68.2418,
    62.4932,
    47.6135,
    82.1694,
    52.8932,
    61.3143,
    65.2,
    54.5409,
    34.8521,
    88.1369,
    79.5882,
    69.1899,
    41.9224
  ],
  "kappa_per_layer": [
    1.172,
    1.1621,
    1.0635,
    1.1154,
    1.1939,
    1.2184,
    1.0706,
    1.1277,
    1.0624,
    1.0733,
    1.1267,
    1.1286,
    1.0976,
    1.1489,
    1.1362,
    1.1709,
    1.0537,
    1.1003,
    1.1325,
    1.1335,
    1.0624,
    1.2707,
    1.1036,
    1.1138,
    1.1044,
    1.1479
  ],
  "dims95_per_layer": [
    163.0,
    181.8,
    171.5,
    168.5,
    166.2,
    154.8,
    165.2,
    152.0,
    170.8,
    183.2,
    168.5,
    165.8,
    151.2,
    147.5,
    161.0,
    142.0,
    160.8,
    159.0,
    163.5,
    140.2,
    168.8,
    158.8,
    128.2,
    148.2,
    153.8,
    131.5
  ],
  "representative_spectra": {
    "layer_0": {
      "key_eigenvalues": [
        174.4489288330078,
        11.43130874633789,
        11.25559139251709,
        8.309577941894531,
        7.975106239318848,
        7.822211742401123,
        6.213048934936523,
        6.157965660095215,
        5.522258281707764,
        5.456699848175049,
        5.182530403137207,
        5.129652500152588,
        4.709094047546387,
        4.589578151702881,
        4.515669345855713,
        4.421891689300537,
        4.0770955085754395,
        4.023064136505127,
        3.6127450466156006,
        3.260126829147339,
        3.2094972133636475,
        3.149744987487793,
        2.9861669540405273,
        2.8907346725463867,
        2.8682546615600586,
        2.7944254875183105,
        2.7402799129486084,
        2.6979799270629883,
        2.67258882522583,
        2.5618326663970947,
        2.542534828186035,
        2.460263967514038,
        2.3179469108581543,
        2.284799098968506,
        2.24955415725708,
        2.1193196773529053,
        2.010709285736084,
        1.9042108058929443,
        1.8243316411972046,
        1.7870185375213623,
        1.7518538236618042,
        1.6931647062301636,
        1.621641755104065,
        1.550067663192749,
        1.5123234987258911,
        1.410943627357483,
        1.3877058029174805,
        1.3631739616394043,
        1.3494443893432617,
        1.3040859699249268,
        1.2699416875839233,
        1.2436100244522095,
        1.2069436311721802,
        1.1746662855148315,
        1.1604893207550049,
        1.123957872390747,
        1.0970622301101685,
        1.0626051425933838,
        1.042173147201538,
        1.0279579162597656,
        0.9877104759216309,
        0.9681236743927002,
        0.9579358696937561,
        0.947646975517273
      ],
      "val_eigenvalues": [
        17.774145126342773,
        10.190389633178711,
        7.079909324645996,
        6.834569931030273,
        5.646852970123291,
        4.041057109832764,
        3.607431411743164,
        2.9025051593780518,
        2.6050498485565186,
        2.164747953414917,
        2.0248308181762695,
        1.8620491027832031,
        1.6511377096176147,
        1.6204723119735718,
        1.5708765983581543,
        1.4478421211242676,
        1.3675851821899414,
        1.2817586660385132,
        1.1919270753860474,
        1.162161111831665,
        1.0998121500015259,
        1.0416146516799927,
        0.8773685693740845,
        0.8188647627830505,
        0.7796122431755066,
        0.7280035614967346,
        0.6855108737945557,
        0.6516231894493103,
        0.6408381462097168,
        0.6027718782424927,
        0.578460693359375,
        0.5730982422828674,
        0.5395534634590149,
        0.5317245721817017,
        0.5176307559013367,
        0.46813827753067017,
        0.4498099684715271,
        0.4423506557941437,
        0.4290788769721985,
        0.42161688208580017,
        0.4000353217124939,
        0.38993895053863525,
        0.3851015269756317,
        0.3737601339817047,
        0.3472634255886078,
        0.3431747853755951,
        0.32590097188949585,
        0.3197811245918274,
        0.31453388929367065,
        0.3016081154346466,
        0.2981468141078949,
        0.2873644232749939,
        0.27666938304901123,
        0.27118805050849915,
        0.26575571298599243,
        0.26038968563079834,
        0.25341886281967163,
        0.24342012405395508,
        0.24156321585178375,
        0.23707981407642365,
        0.23442339897155762,
        0.23234933614730835,
        0.22844435274600983,
        0.21701958775520325
      ],
      "key_d_eff": 6.099550247192383,
      "val_d_eff": 20.3727970123291
    },
    "layer_13": {
      "key_eigenvalues": [
        326.44635009765625,
        19.10463523864746,
        15.68823528289795,
        12.442224502563477,
        10.40628719329834,
        10.145291328430176,
        10.062868118286133,
        8.357540130615234,
        7.645257949829102,
        7.540073871612549,
        7.458512783050537,
        7.28548002243042,
        7.084886074066162,
        6.785773277282715,
        6.138792037963867,
        5.870023727416992,
        5.702486038208008,
        5.538867473602295,
        5.47089958190918,
        5.4539690017700195,
        5.266865253448486,
        5.134304523468018,
        4.957147121429443,
        4.8330512046813965,
        4.655341148376465,
        4.5288801193237305,
        4.307767868041992,
        4.22579288482666,
        4.139016628265381,
        3.9834535121917725,
        3.946990489959717,
        3.5703628063201904,
        3.113981246948242,
        3.0468177795410156,
        2.8061583042144775,
        2.7682313919067383,
        2.5194718837738037,
        2.43339204788208,
        2.4244937896728516,
        2.187540292739868,
        2.0764830112457275,
        1.9591307640075684,
        1.87494695186615,
        1.8408151865005493,
        1.764890432357788,
        1.654632806777954,
        1.6412878036499023,
        1.604884147644043,
        1.542663812637329,
        1.5355364084243774,
        1.506978988647461,
        1.4756085872650146,
        1.4369263648986816,
        1.3663995265960693,
        1.3284589052200317,
        1.2941977977752686,
        1.218756914138794,
        1.2013369798660278,
        1.1902931928634644,
        1.138122320175171,
        1.099943995475769,
        1.086159348487854,
        1.062876582145691,
        1.0439479351043701
      ],