{
  "model": "meta-llama/Llama-3.1-8B-Instruct",
  "short_name": "llama-3.1-8b",
  "n_layers": 32,
  "n_kv_heads": 8,
  "head_dim": 128,
  "n_params_b": 8.03,
  "n_sequences": 100,
  "max_length": 512,
  "calibration_dataset": "wikitext-103-raw-v1",
  "measurement_time_s": 70.1,
  "gpu": "NVIDIA B200",
  "key_deff": 3.6256,
  "val_deff": 48.2913,
  "kappa": 1.2435,
  "key_pct": 2.83,
  "key_deff_per_layer": [
    3.3368,
    3.4297,
    3.4565,
    3.2104,
    3.0687,
    3.7977,
    3.4093,
    3.1727,
    4.1216,
    4.3636,
    4.4378,
    4.6793,
    2.8448,
    5.3078,
    4.5376,
    3.8517,
    3.6227,
    3.7751,
    3.7125,
    3.4116,
    3.8195,
    3.7198,
    3.6495,
    3.5063,
    3.2338,
    3.1205,
    3.2524,
    3.3674,
    3.3007,
    2.8786,
    3.8168,
    2.8048
  ],
  "val_deff_per_layer": [
    37.3535,
    46.6346,
    35.5715,
    52.7893,
    50.1354,
    35.1985,
    52.0556,
    38.604,
    45.5944,
    51.3591,
    43.1307,
    43.0122,
    52.7533,
    56.2786,
    54.0549,
    61.8493,
    49.1955,
    56.2882,
    49.2267,
    55.2221,
    54.6952,
    46.5025,
    55.5794,
    53.334,
    48.6427,
    47.1588,
    44.7335,
    46.0981,
    51.0603,
    42.0653,
    54.7112,
    34.4332
  ],
  "kappa_per_layer": [
    1.4978,
    1.3243,
    1.1674,
    1.1747,
    1.3573,
    1.2977,
    1.247,
    1.2387,
    1.2436,
    1.1774,
    1.2029,
    1.2334,
    1.407,
    1.246,
    1.2308,
    1.2213,
    1.1778,
    1.2091,
    1.2432,
    1.2084,
    1.137,
    1.1889,
    1.236,
    1.2221,
    1.2711,
    1.2117,
    1.2467,
    1.2239,
    1.2295,
    1.19,
    1.295,
    1.2338
  ],
  "dims95_per_layer": [
    36.8,
    42.1,
    71.5,
    68.9,
    64.5,
    70.1,
    71.2,
    71.5,
    72.2,
    77.0,
    79.2,
    83.0,
    70.4,
    75.2,
    71.8,
    76.5,
    67.8,
    74.6,
    78.8,
    76.5,
    75.8,
    75.0,
    73.8,
    76.4,
    67.0,
    63.2,
    72.1,
    70.2,
    75.8,
    68.6,
    72.1,
    63.0
  ],
  "representative_spectra": {
    "layer_0": {
      "key_eigenvalues": [
        211.17446899414062,
        22.330129623413086,
        21.94808578491211,
        14.830392837524414,
        8.769535064697266,
        7.3393049240112305,
        7.2099928855896,
        6.1634521484375,
        4.990481853485107,
        4.9150519371032715,
        4.75707483291626,
        3.940819501876831,
        3.8407769203186035,
        3.729341506958008,
        3.614325523376465,
        3.551323413848877,
        3.3274221420288086,
        3.3014161586761475,
        3.1508121490478516,
        3.0591046810150146,
        2.9394590854644775,
        2.719896078109741,
        2.57712721824646,
        2.529273509979248,
        2.203068971633911,
        2.0654296875,
        2.0303218364715576,
        1.940584421157837,
        1.8149347305297852,
        1.760992169380188,
        1.566797137260437,
        1.4689173698425293,
        1.3383638858795166,
        1.253526210784912,
        1.2351107597351074,
        1.159135103225708,
        1.0973235368728638,
        1.0309193134307861,
        0.9745718836784363,
        0.8719738125801086,
        0.8334313035011292,
        0.8037952780723572,
        0.7928815484046936,
        0.7120435237884521,
        0.6870623826980591,
        0.6337001919746399,
        0.6193785071372986,
        0.6048538088798523,
        0.5718252062797546,
        0.5599247813224792,
        0.510188639163971,
        0.485765278339386,
        0.43419453501701355,
        0.4245484173297882,
        0.39641937613487244,
        0.38234102725982666,
        0.3469668924808502,
        0.3211767375469208,
        0.31625086069107056,
        0.31426066160202026,
        0.30013972520828247,
        0.2817062735557556,
        0.270607590675354,
        0.2541676163673401
      ],
      "val_eigenvalues": [
        0.015027935616672039,
        0.010391892865300179,
        0.00961559172719717,
        0.006907998118549585,
        0.0064727249555289745,
        0.004636028781533241,
        0.004537033848464489,
        0.004478719085454941,
        0.003876717295497656,
        0.003701291512697935,
        0.003463535103946924,
        0.003309081308543682,
        0.0031911570113152266,
        0.003016772912815213,
        0.0028662835247814655,
        0.0026907853316515684,
        0.002556636231020093,
        0.0025083657819777727,
        0.0022885247599333525,
        0.0021732202731072903,
        0.0021153294946998358,
        0.0019709060434252024,
        0.001930915517732501,
        0.0018613755237311125,
        0.0017528689932078123,
        0.0017125466838479042,
        0.0016761600272729993,
        0.0016465523513033986,
        0.0016065866220742464,
        0.001527631189674139,
        0.0014913900522515178,
        0.0014546024613082409,
        0.0014290446415543556,
        0.001344057614915073,
        0.0013298231642693281,
        0.0012808303581550717,
        0.0012650819262489676,
        0.0012104136403650045,
        0.0012022098526358604,
        0.0011799248168244958,
        0.0011618304997682571,
        0.0011337065370753407,
        0.0010884517105296254,
        0.0010490082204341888,
        0.0010237355018034577,
        0.0009942185133695602,
        0.0009926736820489168,
        0.0009718597284518182,
        0.0009531783871352673,
        0.0009287756402045488,
        0.0009196617756970227,
        0.0008868361474014819,
        0.0008809525170363486,
        0.0008581521105952561,
        0.0008516277302987874,
        0.0008324955706484616,
        0.0008073729113675654,
        0.0007996885105967522,
        0.0007906323880888522,
        0.0007674965308979154,
        0.000739388051442802,
        0.0007330892840400338,
        0.0007208500755950809,
        0.0007120813825167716
      ],
      "key_d_eff": 3.3974010944366455,
      "val_d_eff": 39.98038864135742
    },
    "layer_16": {
      "key_eigenvalues": [
        285.903076171875,
        31.109121322631836,
        17.9002628326416,
        14.540251731872559,
        12.798347473144531,
        10.55289077758789,
        9.8216552734375,
        8.386286735534668,
        7.615015029907227,
        7.166403293609619,
        6.685424327850342,
        6.158435344696045,
        6.004336833953857,
        5.418496608734131,
        5.305393218994141,
        4.6202826499938965,
        4.447932720184326,
        4.316164493560791,
        4.24069356918335,
        4.168594837188721,
        3.927006244659424,
        3.7188024520874023,
        3.503345489501953,
        3.4391512870788574,
        3.3549952507019043,
        3.181030511856079,
        2.911325454711914,
        2.8722329139709473,
        2.776693344116211,
        2.6697847843170166,
        2.5191116333007812,
        2.454031229019165,
        2.2535197734832764,
        2.1731743812561035,
        2.1022839546203613,
        2.0078210830688477,
        1.851693868637085,
        1.825311303138733,
        1.7733869552612305,
        1.68924081325531,
        1.6500089168548584,
        1.552331566810608,
        1.5174884796142578,
        1.4891810417175293,
        1.4698415994644165,
        1.2721532583236694,
        1.260631799697876,
        1.2116857767105103,
        1.162172794342041,
        1.1198407411575317,
        1.1036508083343506,
        1.0702922344207764,
        1.0268808603286743,
        0.9999892711639404,
        0.9637318253517151,
        0.9076489210128784,
        0.8909487724304199,
        0.8867877125740051,
        0.8686500191688538,
        0.8500568270683289,
        0.8425502777099609,
        0.8242635130882263,
        0.7696235775947571,
        0.7555288672447205
      ],