{
  "model": "mistralai/Mistral-7B-Instruct-v0.3",
  "short_name": "mistral-7b-v0.3",
  "n_layers": 32,
  "n_kv_heads": 8,
  "head_dim": 128,
  "n_params_b": 7.25,
  "n_sequences": 100,
  "max_length": 512,
  "calibration_dataset": "wikitext-103-raw-v1",
  "measurement_time_s": 63.2,
  "gpu": "NVIDIA B200",
  "key_deff": 4.1624,
  "val_deff": 59.6973,
  "kappa": 1.8101,
  "key_pct": 3.25,
  "key_deff_per_layer": [
    1.9566,
    2.8816,
    3.2701,
    3.388,
    3.018,
    3.7764,
    3.4412,
    4.118,
    3.3935,
    5.0652,
    4.0801,
    4.8714,
    5.2092,
    3.86,
    4.4515,
    5.307,
    5.1877,
    3.7799,
    4.4973,
    4.0994,
    4.3071,
    3.9246,
    4.2719,
    3.358,
    4.4589,
    4.7224,
    4.7602,
    3.905,
    4.7697,
    4.3517,
    5.8821,
    4.8329
  ],
  "val_deff_per_layer": [
    24.5638,
    34.657,
    42.7661,
    54.0424,
    62.7571,
    67.8674,
    51.455,
    59.7047,
    54.6705,
    61.5238,
    47.3326,
    69.6546,
    57.159,
    70.3895,
    75.6583,
    74.4568,
    75.6175,
    72.2557,
    60.1651,
    57.6309,
    65.9392,
    66.518,
    63.4989,
    52.5408,
    60.5486,
    60.3767,
    61.3686,
    45.6028,
    61.0556,
    64.5064,
    67.7584,
    66.2706
  ],
  "kappa_per_layer": [
    20.8469,
    1.3394,
    1.1424,
    1.3476,
    1.2838,
    1.1966,
    1.319,
    1.1903,
    1.2219,
    1.1924,
    1.2001,
    1.2331,
    1.1578,
    1.2458,
    1.1538,
    1.1253,
    1.1438,
    1.2465,
    1.1513,
    1.1704,
    1.1909,
    1.1347,
    1.1957,
    1.2425,
    1.1715,
    1.2122,
    1.1132,
    1.16,
    1.1392,
    1.2197,
    1.1477,
    1.0871
  ],
  "dims95_per_layer": [
    18.0,
    30.5,
    64.8,
    52.1,
    59.4,
    69.9,
    67.2,
    68.5,
    70.0,
    79.8,
    78.5,
    75.8,
    73.1,
    78.6,
    75.6,
    73.2,
    79.9,
    74.5,
    74.8,
    70.1,
    76.5,
    73.8,
    76.6,
    74.8,
    85.2,
    83.2,
    79.6,
    78.9,
    78.8,
    76.1,
    80.6,
    78.1
  ],
  "representative_spectra": {
    "layer_0": {
      "key_eigenvalues": [
        207.53890991210938,
        23.558258056640625,
        23.483362197875977,
        15.032623291015625,
        14.853741645812988,
        9.9203519821167,
        9.83962345123291,
        9.337121963500977,
        8.82197093963623,
        8.704121589660645,
        6.026797294616699,
        5.928708076477051,
        5.258182048797607,
        4.299399375915527,
        4.282932281494141,
        4.159909725189209,
        3.614595413208008,
        3.510160446166992,
        3.2634389400482178,
        3.1482720375061035,
        2.6773693561553955,
        2.394550085067749,
        2.269601821899414,
        2.1898422241210938,
        1.8655040264129639,
        1.738748550415039,
        1.5907808542251587,
        1.3300796747207642,
        1.10758376121521,
        0.8777598142623901,
        0.8097870349884033,
        0.7858399152755737,
        0.7224769592285156,
        0.6701165437698364,
        0.5096825361251831,
        0.42733293771743774,
        0.3902348577976227,
        0.2632474899291992,
        0.20532338321208954,
        0.18584224581718445,
        0.1354794204235077,
        0.12858699262142181,
        0.10042093694210052,
        0.08153709769248962,
        0.06850767135620117,
        0.05042898654937744,
        0.04646730050444603,
        0.04283890128135681,
        0.03116527572274208,
        0.03044019639492035,
        0.025637468323111534,
        0.017222115769982338,
        0.015924759209156036,
        0.011637323535978794,
        0.00835076067596674,
        0.0068421075120568275,
        0.005957409273833036,
        0.00469208974391222,
        0.004518572241067886,
        0.003862739773467183,
        0.003448624862357974,
        0.0026405819226056337,
        0.0021970232482999563,
        0.001763762324117124
      ],
      "val_eigenvalues": [
        0.0030259694904088974,
        0.002315174788236618,
        0.0021200221963226795,
        0.0017676985589787364,
        0.0016466340748593211,
        0.0015513929538428783,
        0.0014694175915792584,
        0.0014602624578401446,
        0.0013693443033844233,
        0.0013420857721939683,
        0.0011935861548408866,
        0.0011512622004374862,
        0.0010750419460237026,
        0.0010506949620321393,
        0.001013417961075902,
        0.001010708510875702,
        0.000939341145567596,
        0.0009333676425740123,
        0.000913916330318898,
        0.000888375099748373,
        0.0008822006639093161,
        0.0008526297169737518,
        0.0008421790553256869,
        0.0008264632779173553,
        0.0008181991870515049,
        0.000794643594417721,
        0.0007795535493642092,
        0.000760784256272018,
        0.0007465468370355666,
        0.0007383479387499392,
        0.0007285053143277764,
        0.000713018758688122,
        0.0007022284553386271,
        0.0007003861246630549,
        0.0006910655065439641,
        0.0006854922394268215,
        0.0006803236901760101,
        0.0006611238932237029,
        0.000649058201815933,
        0.0006380049744620919,
        0.0006281856331042945,
        0.0006176366005092859,
        0.0006104405620135367,
        0.000600808416493237,
        0.0005951742059551179,
        0.0005857851938344538,
        0.0005837043863721192,
        0.0005772770382463932,
        0.0005710468394681811,
        0.0005631234962493181,
        0.0005594316171482205,
        0.00054975226521492,
        0.0005481098196469247,
        0.0005424557602964342,
        0.000535128521732986,
        0.0005180714651942253,
        0.0005131199141032994,
        0.000510741607286036,
        0.0005069092730991542,
        0.000501783681102097,
        0.0005011047469452024,
        0.0004899624618701637,
        0.00048644872731529176,
        0.0004810214159078896
      ],
      "key_d_eff": 3.5044772624969482,
      "val_d_eff": 81.29525756835938
    },
    "layer_16": {
      "key_eigenvalues": [
        254.84552001953125,
        15.28664779663086,
        9.718753814697266,
        7.878153324127197,
        6.724748134613037,
        5.935720443725586,
        5.157879829406738,
        4.958828449249268,
        4.634455680847168,
        4.071903705596924,
        3.9067723751068115,
        3.5195279121398926,
        3.390184164047241,
        3.06555438041687,
        2.821624994277954,
        2.711721181869507,
        2.663473129272461,
        2.421128988265991,
        2.3422532081604004,
        2.288236379623413,
        2.257913112640381,
        2.1420061588287354,
        2.1301064491271973,
        2.056723117828369,
        1.8835920095443726,
        1.832452416419983,
        1.8106663227081299,
        1.788633108139038,
        1.6809476613998413,
        1.6097416877746582,
        1.527142882347107,
        1.4430304765701294,
        1.3418126106262207,
        1.3128039836883545,
        1.2990525960922241,
        1.2613028287887573,
        1.2356480360031128,
        1.1961010694503784,
        1.1674445867538452,
        1.1144391298294067,
        1.1136887073516846,
        1.0547577142715454,
        1.0033822059631348,
        0.9988218545913696,
        0.9798930287361145,
        0.9753437638282776,
        0.9544384479522705,
        0.9466894268989563,
        0.9363253712654114,
        0.928165853023529,
        0.907113790512085,
        0.901404082775116,
        0.8890669941902161,
        0.8784412145614624,
        0.8572511672973633,
        0.8444659113883972,
        0.8289231657981873,
        0.8243987560272217,
        0.8023106455802917,
        0.7990381121635437,
        0.7831171154975891,
        0.7708278298377991,
        0.7553167939186096,
        0.7434560656547546
      ],