{
  "model": "mistralai/Mistral-Nemo-Instruct-2407",
  "short_name": "mistral-nemo-12b",
  "n_layers": 40,
  "n_kv_heads": 8,
  "head_dim": 128,
  "n_params_b": 12.25,
  "n_sequences": 100,
  "max_length": 512,
  "calibration_dataset": "wikitext-103-raw-v1",
  "measurement_time_s": 139.3,
  "gpu": "NVIDIA B200",
  "key_deff": 3.8709,
  "val_deff": 51.8987,
  "kappa": 1.2183,
  "key_pct": 3.02,
  "key_deff_per_layer": [
    3.4671,
    3.294,
    2.842,
    3.375,
    2.9566,
    3.3925,
    4.2248,
    3.9104,
    4.3639,
    4.3218,
    3.6551,
    5.279,
    3.6789,
    4.9908,
    7.4976,
    4.6892,
    4.4244,
    3.6981,
    4.498,
    4.5378,
    3.798,
    3.8279,
    3.4589,
    3.72,
    3.4659,
    4.0695,
    3.2206,
    3.176,
    4.0305,
    3.452,
    3.725,
    3.1868,
    3.5588,
    3.9144,
    3.5925,
    3.5594,
    3.4852,
    3.2105,
    3.5296,
    3.7572
  ],
  "val_deff_per_layer": [
    24.2851,
    37.1698,
    60.363,
    48.6721,
    60.8344,
    55.2221,
    55.3188,
    64.1663,
    48.0719,
    62.1776,
    61.8729,
    62.9476,
    73.0557,
    50.8504,
    25.8078,
    14.1196,
    30.3528,
    25.9299,
    55.3887,
    52.6423,
    47.5204,
    50.7544,
    53.0721,
    58.3583,
    56.9674,
    46.8182,
    62.4342,
    59.8291,
    50.0213,
    74.0714,
    58.9953,
    45.7658,
    59.0312,
    55.1774,
    60.5904,
    58.3668,
    46.6242,
    54.4019,
    64.9026,
    42.9971
  ],
  "kappa_per_layer": [
    1.3134,
    1.9237,
    1.4904,
    1.193,
    1.3226,
    1.1508,
    1.0887,
    1.1483,
    1.1815,
    1.1418,
    1.2102,
    1.1644,
    1.2079,
    1.1872,
    1.0867,
    1.2021,
    1.2075,
    1.3013,
    1.214,
    1.2105,
    1.0843,
    1.1665,
    1.4101,
    1.1566,
    1.2097,
    1.1278,
    1.19,
    1.2155,
    1.1808,
    1.1989,
    1.1642,
    1.1488,
    1.2094,
    1.1673,
    1.2365,
    1.1842,
    1.2254,
    1.1709,
    1.2101,
    1.1307
  ],
  "dims95_per_layer": [
    32.8,
    70.2,
    56.6,
    76.2,
    67.5,
    78.4,
    75.5,
    80.2,
    80.8,
    82.9,
    81.2,
    82.6,
    79.4,
    76.8,
    80.0,
    82.5,
    82.2,
    77.4,
    79.4,
    73.0,
    79.8,
    80.9,
    78.5,
    80.0,
    81.5,
    84.6,
    85.2,
    84.6,
    83.8,
    83.2,
    89.6,
    79.5,
    82.5,
    86.8,
    75.0,
    84.2,
    77.2,
    73.0,
    72.8,
    80.9
  ],
  "representative_spectra": {
    "layer_0": {
      "key_eigenvalues": [
        65.37671661376953,
        14.972796440124512,
        9.556008338928223,
        6.629922866821289,
        3.177278995513916,
        2.5963635444641113,
        2.563102960586548,
        2.1687164306640625,
        1.4057507514953613,
        1.0571236610412598,
        0.8454914093017578,
        0.6846935153007507,
        0.6376194953918457,
        0.6018153429031372,
        0.541501522064209,
        0.47747769951820374,
        0.4244856834411621,
        0.3551340699195862,
        0.3503100872039795,
        0.28922247886657715,
        0.2745024859905243,
        0.25659120082855225,
        0.23582269251346588,
        0.22231461107730865,
        0.215736985206604,
        0.20816193521022797,
        0.199375182390213,
        0.175757497549057,
        0.16676640510559082,
        0.15401653945446014,
        0.14402249455451965,
        0.13689082860946655,
        0.12925411760807037,
        0.12429583817720413,
        0.12199435383081436,
        0.12003806233406067,
        0.11248493939638138,
        0.10736659914255142,
        0.09964262694120407,
        0.08836789429187775,
        0.08810446411371231,
        0.0865231603384018,
        0.08160212635993958,
        0.07918865233659744,
        0.07844805717468262,
        0.07487039268016815,
        0.07238145917654037,
        0.071623295545578,
        0.0698532909154892,
        0.0661146268248558,
        0.06490543484687805,
        0.06307867169380188,
        0.06224844977259636,
        0.05916482210159302,
        0.05708033964037895,
        0.055433958768844604,
        0.0537245012819767,
        0.05145319178700447,
        0.04809649661183357,
        0.04435647279024124,
        0.0432339645922184,
        0.04203164577484131,
        0.040670301765203476,
        0.03810225427150726
      ],
      "val_eigenvalues": [
        0.01248606201261282,
        0.009799007326364517,
        0.009127012453973293,
        0.006932224612683058,
        0.004040669649839401,
        0.0037566067185252905,
        0.0027141058817505836,
        0.002171183470636606,
        0.0021529796067625284,
        0.0017667573411017656,
        0.0015562631888315082,
        0.0012465782929211855,
        0.0012040750589221716,
        0.0009176164749078453,
        0.0008491414482705295,
        0.0006706592394039035,
        0.0006150957196950912,
        0.0005520635168068111,
        0.0005035954527556896,
        0.00046474006376229227,
        0.00042862448026426136,
        0.0003641591756604612,
        0.0003591229615267366,
        0.00033971999073401093,
        0.00032441844814457,
        0.00030990963568910956,
        0.00028700826806016266,
        0.0002823144313879311,
        0.00026260039885528386,
        0.0002441679534967989,
        0.0002396742784185335,
        0.00023384758969768882,
        0.00023200031137093902,
        0.000226519099669531,
        0.00022184390400070697,
        0.00021315821504686028,
        0.0001965019037015736,
        0.00019384418556001037,
        0.0001902392687043175,
        0.00018084768089465797,
        0.0001752849348122254,
        0.0001687863696133718,
        0.00016534855240024626,
        0.00015657173935323954,
        0.00015564296336378902,
        0.000149433413753286,
        0.0001437158352928236,
        0.00013783400936517864,
        0.00013613389455713332,
        0.00013033048890065402,
        0.00012678444909397513,
        0.00012498395517468452,
        0.00012160825281171128,
        0.0001186798035632819,
        0.0001156081780209206,
        0.00011383516539353877,
        0.00011059411917813122,
        0.00010983301763189957,
        0.00010622812988003716,
        0.00010335487604606897,
        0.00010064325761049986,
        9.93663416011259e-05,
        9.777217928785831e-05,
        9.545877401251346e-05
      ],
      "key_d_eff": 3.0728871822357178,
      "val_d_eff": 12.791563034057617
    },