{
  "model": "Qwen/Qwen2.5-7B-Instruct",
  "short_name": "qwen2.5-7b-instruct",
  "n_layers": 28,
  "n_kv_heads": 4,
  "head_dim": 128,
  "n_params_b": 7.62,
  "n_sequences": 100,
  "max_length": 512,
  "calibration_dataset": "wikitext-103-raw-v1",
  "measurement_time_s": 64.6,
  "gpu": "NVIDIA B200",
  "key_deff": 4.1134,
  "val_deff": 55.9218,
  "kappa": 736.6672,
  "key_pct": 3.21,
  "key_deff_per_layer": [
    1.0062,
    1.3849,
    2.28,
    1.5857,
    6.6216,
    5.2959,
    3.9649,
    2.7936,
    5.4742,
    3.169,
    3.4301,
    5.666,
    6.3714,
    2.3775,
    5.7856,
    7.8977,
    4.5782,
    5.1619,
    3.4006,
    4.1702,
    5.9986,
    3.7181,
    4.7835,
    4.1841,
    3.4235,
    3.7136,
    4.0675,
    2.8698
  ],
  "val_deff_per_layer": [
    34.0746,
    37.2325,
    38.4937,
    68.4838,
    43.4246,
    36.8116,
    49.924,
    81.9835,
    37.607,
    80.3825,
    49.693,
    45.2023,
    57.3021,
    68.9519,
    41.7433,
    37.7836,
    66.5472,
    63.3634,
    70.4786,
    57.0683,
    67.891,
    63.4068,
    65.4243,
    58.3264,
    48.338,
    58.953,
    68.3629,
    68.557
  ],
  "kappa_per_layer": [
    6334.977,
    91.683,
    74.8694,
    228.8332,
    1.1061,
    1.0903,
    1.2421,
    1.2376,
    1.1973,
    1.2687,
    1.1258,
    1.1237,
    1.2032,
    41.5948,
    1.1694,
    17.9882,
    1.3125,
    1.1548,
    1.444,
    42.2352,
    1.1239,
    1.1135,
    1.236,
    1.1519,
    1.2734,
    1.1453,
    1.0769,
    13770.7038
  ],
  "dims95_per_layer": [
    1.0,
    13.8,
    41.8,
    32.5,
    72.8,
    77.5,
    65.0,
    67.2,
    83.2,
    71.0,
    74.8,
    86.2,
    79.5,
    48.5,
    68.5,
    72.5,
    64.8,
    81.2,
    74.0,
    49.5,
    85.8,
    72.0,
    65.5,
    74.0,
    68.2,
    71.0,
    65.0,
    42.2
  ],
  "representative_spectra": {
    "layer_0": {
      "key_eigenvalues": [
        217315.8125,
        13.449278831481934,
        8.636967658996582,
        8.539206504821777,
        7.977644443511963,
        7.349229335784912,
        4.842932224273682,
        3.6048152446746826,
        3.5478577613830566,
        3.028604507446289,
        3.0240399837493896,
        2.711390256881714,
        2.5576651096343994,
        2.27602481842041,
        2.2432782649993896,
        2.2065393924713135,
        2.1564478874206543,
        1.7354931831359863,
        1.717087745666504,
        1.650680661201477,
        1.5889023542404175,
        1.5807982683181763,
        1.2804791927337646,
        1.2794063091278076,
        1.26690673828125,
        1.2190992832183838,
        1.1791956424713135,
        1.1776221990585327,
        0.9620442390441895,
        0.9571501016616821,
        0.9406712651252747,
        0.8735772371292114,
        0.8612753748893738,
        0.7896327376365662,
        0.7627359628677368,
        0.7553408145904541,
        0.6525617241859436,
        0.6164788007736206,
        0.5612425804138184,
        0.5434557199478149,
        0.5423109531402588,
        0.5266331434249878,
        0.5115357041358948,
        0.5056660175323486,
        0.47947466373443604,
        0.46027472615242004,
        0.455414354801178,
        0.44490841031074524,
        0.43841540813446045,
        0.4315265119075775,
        0.4276061952114105,
        0.4133376181125641,
        0.405536025762558,
        0.3929818570613861,
        0.389443576335907,
        0.38639816641807556,
        0.3674248158931732,
        0.3655012249946594,
        0.357299268245697,
        0.3493763506412506,
        0.3414376676082611,
        0.32895272970199585,
        0.31310319900512695,
        0.30987900495529175
      ],
      "val_eigenvalues": [
        0.6404098272323608,
        0.36713600158691406,
        0.3406442105770111,
        0.3045078217983246,
        0.24644462764263153,
        0.23814155161380768,
        0.2034243643283844,
        0.17186325788497925,
        0.16574819386005402,
        0.1539047360420227,
        0.1462002545595169,
        0.142576202750206,
        0.1364269256591797,
        0.1326359510421753,
        0.1258697658777237,
        0.12387409806251526,
        0.1155536100268364,
        0.10875622928142548,
        0.10625232756137848,
        0.10424551367759705,
        0.10172576457262039,
        0.09888364374637604,
        0.09506889432668686,
        0.09295020997524261,
        0.09125731885433197,
        0.09003807604312897,
        0.08789157122373581,
        0.08714567124843597,
        0.08354173600673676,
        0.0813140943646431,
        0.07938984036445618,
        0.07774639129638672,
        0.07703935354948044,
        0.07659866660833359,
        0.07547634094953537,
        0.07339967787265778,
        0.0726877972483635,
        0.06940141320228577,
        0.06903425604104996,
        0.06831762194633484,
        0.06731608510017395,
        0.06478583812713623,
        0.06461130827665329,
        0.06375835090875626,
        0.06264588236808777,
        0.0622851625084877,
        0.061425503343343735,
        0.05996212735772133,
        0.058760564774274826,
        0.058327484875917435,
        0.057056307792663574,
        0.05636122077703476,
        0.05487425997853279,
        0.05434584617614746,
        0.05409669876098633,
        0.05318756029009819,
        0.052500706166028976,
        0.051278430968523026,
        0.05039854347705841,
        0.049888428300619125,
        0.049479350447654724,
        0.04856010153889656,
        0.047943539917469025,
        0.04734938219189644
      ],
      "key_d_eff": 1.0011506080627441,
      "val_d_eff": 56.273860931396484
    },
    "layer_14": {
      "key_eigenvalues": [
        136.2893829345703,
        15.989248275756836,
        12.504359245300293,
        11.396368980407715,
        10.143750190734863,
        9.28223991394043,
        8.537230491638184,
        8.328826904296875,
        8.047292709350586,
        7.918835163116455,
        7.760700225830078,
        7.676895618438721,
        7.371756076812744,
        7.178882598876953,
        7.109972953796387,
        6.785604953765869,
        6.3463263511657715,
        6.270960330963135,
        6.1050639152526855,
        5.9961981773376465,
        5.768465518951416,
        5.624934196472168,
        5.225003719329834,
        4.7685136795043945,
        4.649350166320801,
        4.529110908508301,
        4.199118614196777,
        3.8832247257232666,
        3.677563428878784,
        3.5373408794403076,
        3.1655945777893066,
        3.063021659851074,
        2.904707908630371,
        2.6937201023101807,
        2.6543562412261963,
        2.402388334274292,
        2.2566616535186768,
        2.2102034091949463,
        2.042301893234253,
        1.9261577129364014,
        1.7624623775482178,
        1.6077234745025635,
        1.4694316387176514,
        1.2969233989715576,
        1.2590844631195068,
        1.1993612051010132,
        1.0455546379089355,
        0.8812757730484009,
        0.8271745443344116,
        0.7855151891708374,
        0.7426926493644714,
        0.7225098609924316,
        0.6365473866462708,
        0.6046299934387207,
        0.5532738566398621,
        0.5468977093696594,
        0.5146550536155701,
        0.47388118505477905,
        0.4523225426673889,
        0.44202348589897156,
        0.4199712574481964,
        0.3858853280544281,
        0.37625348567962646,
        0.35558077692985535
      ],