{
  "model": "Qwen/Qwen2.5-1.5B-Instruct",
  "short_name": "qwen2.5-1.5b-instruct",
  "n_layers": 28,
  "n_kv_heads": 2,
  "head_dim": 128,
  "n_params_b": 1.54,
  "n_sequences": 100,
  "max_length": 512,
  "calibration_dataset": "wikitext-103-raw-v1",
  "measurement_time_s": 32.5,
  "gpu": "NVIDIA B200",
  "key_deff": 3.7777,
  "val_deff": 42.8447,
  "kappa": 1068.1036,
  "key_pct": 2.95,
  "key_deff_per_layer": [
    1.0009,
    1.4347,
    2.1898,
    3.1497,
    4.3693,
    7.2429,
    5.4212,
    2.1221,
    5.0151,
    4.3923,
    3.2338,
    3.8661,
    6.2465,
    5.0398,
    5.59,
    2.7613,
    5.0846,
    3.0884,
    2.5015,
    3.611,
    3.8842,
    3.5354,
    4.1531,
    4.0237,
    3.6105,
    3.2128,
    2.7837,
    3.2114
  ],
  "val_deff_per_layer": [
    20.0193,
    28.6178,
    53.3859,
    51.0635,
    49.4293,
    31.2908,
    16.635,
    32.7347,
    32.3782,
    30.9059,
    53.2001,
    31.6921,
    26.8942,
    37.3423,
    27.5588,
    47.4471,
    38.9442,
    45.0422,
    43.1445,
    47.8154,
    65.6464,
    29.3499,
    65.1963,
    37.4407,
    49.2239,
    61.1974,
    74.9451,
    71.1113
  ],
  "kappa_per_layer": [
    29162.8089,
    381.4671,
    36.2376,
    1.1827,
    1.1117,
    1.0954,
    1.1557,
    60.7941,
    1.0461,
    1.3509,
    1.1451,
    1.2459,
    1.1518,
    1.2966,
    1.1801,
    237.1807,
    1.1617,
    1.4076,
    1.3548,
    1.4211,
    1.2459,
    1.3748,
    1.2891,
    1.3352,
    1.3898,
    1.3043,
    1.0933,
    1.0712
  ],
  "dims95_per_layer": [
    1.0,
    25.5,
    53.0,
    74.5,
    85.0,
    80.5,
    79.5,
    38.5,
    78.0,
    84.0,
    72.5,
    76.0,
    83.0,
    77.5,
    59.5,
    38.0,
    64.0,
    65.0,
    61.0,
    53.0,
    69.0,
    68.5,
    68.0,
    59.5,
    68.5,
    66.0,
    49.0,
    51.0
  ],
  "representative_spectra": {
    "layer_0": {
      "key_eigenvalues": [
        674846.3125,
        19.568845748901367,
        17.36561393737793,
        13.79851245880127,
        13.617679595947266,
        11.154109954833984,
        9.635296821594238,
        6.673971652984619,
        6.573209762573242,
        6.533802509307861,
        6.420121192932129,
        6.178588390350342,
        6.005363464355469,
        5.891566753387451,
        5.884535312652588,
        5.037830829620361,
        4.657907009124756,
        3.8150432109832764,
        3.3967249393463135,
        3.3414456844329834,
        2.675050735473633,
        2.5793707370758057,
        2.1742146015167236,
        2.0590057373046875,
        2.045828342437744,
        2.010880708694458,
        1.8800441026687622,
        1.836883544921875,
        1.80534827709198,
        1.7432624101638794,
        1.6624237298965454,
        1.6130203008651733,
        1.5733451843261719,
        1.5473954677581787,
        1.4395925998687744,
        1.4297386407852173,
        1.4272187948226929,
        1.4091225862503052,
        1.4050501585006714,
        1.370896577835083,
        1.2818896770477295,
        1.2768737077713013,
        1.2601580619812012,
        1.2083961963653564,
        1.2031643390655518,
        1.1193896532058716,
        1.0858724117279053,
        1.076596736907959,
        1.0554805994033813,
        1.039008617401123,
        1.0129601955413818,
        1.0004323720932007,
        0.994294285774231,
        0.9489524364471436,
        0.9420817494392395,
        0.9143518209457397,
        0.9026107788085938,
        0.8957669138908386,
        0.8903523683547974,
        0.8737754821777344,
        0.8598359227180481,
        0.8151402473449707,
        0.8087174892425537,
        0.7927615642547607
      ],
      "val_eigenvalues": [
        8.146920204162598,
        2.1423161029815674,
        0.5464431047439575,
        0.3248559832572937,
        0.2970859110355377,
        0.2826197147369385,
        0.2273927927017212,
        0.22219787538051605,
        0.21208856999874115,
        0.189784437417984,
        0.17801207304000854,
        0.16755539178848267,
        0.16424255073070526,
        0.1579541712999344,
        0.15231989324092865,
        0.14910432696342468,
        0.14477300643920898,
        0.14156366884708405,
        0.13321401178836823,
        0.12832839787006378,
        0.12622803449630737,
        0.12361053377389908,
        0.1227724701166153,
        0.11769742518663406,
        0.11612720042467117,
        0.11429086327552795,
        0.11173450201749802,
        0.11152683943510056,
        0.10838643461465836,
        0.10740163922309875,
        0.10446030646562576,
        0.10062944889068604,
        0.0998096838593483,
        0.0983685702085495,
        0.09589887410402298,
        0.09562525153160095,
        0.09378933906555176,
        0.09131517261266708,
        0.09086388349533081,
        0.09027469903230667,
        0.08850603550672531,
        0.0870179682970047,
        0.08693765848875046,
        0.08565791696310043,
        0.08539240062236786,
        0.08259660750627518,
        0.08219687640666962,
        0.08088953793048859,
        0.08026399463415146,
        0.07868442684412003,
        0.0776737630367279,
        0.07751677930355072,
        0.07652395218610764,
        0.07569350302219391,
        0.07508593797683716,
        0.07314909249544144,
        0.07243569940328598,
        0.07109132409095764,
        0.07016293704509735,
        0.06925565004348755,
        0.0686216726899147,
        0.06725391745567322,
        0.06657322496175766,
        0.06584402918815613
      ],
      "key_d_eff": 1.000739574432373,
      "val_d_eff": 6.108272552490234
    },
    "layer_14": {
      "key_eigenvalues": [
        149.9398651123047,
        16.752092361450195,
        13.73705768585205,
        13.581151962280273,
        12.994256973266602,
        12.036429405212402,
        11.553847312927246,
        11.060896873474121,
        10.69395923614502,
        10.514769554138184,
        9.954232215881348,
        9.622276306152344,
        9.139604568481445,
        8.775190353393555,
        8.150650024414062,
        7.2926106452941895,
        7.0923590660095215,
        6.810920238494873,
        6.252516746520996,
        5.749466896057129,
        5.382313251495361,
        5.132831573486328,
        4.831330299377441,
        4.626291751861572,
        4.3126068115234375,
        3.905069589614868,
        3.5689961910247803,
        3.2502212524414062,
        3.0760326385498047,
        2.9391801357269287,
        2.8033559322357178,
        2.593691110610962,
        2.4145655632019043,
        2.0713586807250977,
        1.9622416496276855,
        1.7884658575057983,
        1.665392279624939,
        1.5940662622451782,
        1.5396993160247803,
        1.3583897352218628,
        1.2749481201171875,
        1.1042484045028687,
        1.0359965562820435,
        1.0036085844039917,
        0.988534688949585,
        0.900073766708374,
        0.7935650944709778,
        0.7379434108734131,
        0.6558820009231567,
        0.6478062272071838,
        0.6092844009399414,
        0.5725866556167603,
        0.5221017003059387,
        0.5086692571640015,
        0.47488293051719666,
        0.4522869884967804,
        0.40662461519241333,
        0.3996988832950592,
        0.3913896977901459,
        0.3651669919490814,
        0.35319966077804565,
        0.33236199617385864,
        0.3125787377357483,
        0.30735206604003906
      ],