{
  "model": "Qwen/Qwen2.5-Coder-7B-Instruct",
  "short_name": "qwen2.5-coder-7b",
  "n_layers": 28,
  "n_kv_heads": 4,
  "head_dim": 128,
  "n_params_b": 7.62,
  "n_sequences": 100,
  "max_length": 512,
  "calibration_dataset": "wikitext-103-raw-v1",
  "measurement_time_s": 89.4,
  "gpu": "NVIDIA B200",
  "key_deff": 3.8759,
  "val_deff": 54.1312,
  "kappa": 848.501,
  "key_pct": 3.03,
  "key_deff_per_layer": [
    1.0051,
    1.3996,
    2.2067,
    1.6318,
    6.2988,
    4.3357,
    3.6863,
    3.4829,
    5.7584,
    3.1791,
    4.7336,
    3.0999,
    7.9198,
    2.0615,
    4.52,
    4.8885,
    5.263,
    4.3255,
    1.8593,
    3.1742,
    2.9929,
    3.7209,
    5.2819,
    3.97,
    3.6608,
    4.2781,
    5.2518,
    4.54
  ],
  "val_deff_per_layer": [
    28.6798,
    31.9536,
    35.9613,
    62.9165,
    43.0872,
    38.1072,
    49.1538,
    78.1216,
    41.345,
    80.498,
    50.8415,
    52.0198,
    51.2076,
    64.6591,
    39.2737,
    35.6271,
    59.503,
    55.9563,
    64.6831,
    50.0371,
    60.3388,
    58.9841,
    64.1924,
    62.834,
    56.8172,
    61.3907,
    70.2616,
    67.2223
  ],
  "kappa_per_layer": [
    8228.4958,
    166.4694,
    63.1843,
    202.8398,
    1.1519,
    1.1534,
    7.4421,
    1.2031,
    1.1636,
    1.2422,
    1.1111,
    1.2483,
    1.2827,
    28.1388,
    1.15,
    1.2303,
    1.3003,
    1.196,
    1.5916,
    22.1372,
    15.9346,
    1.1961,
    1.2293,
    1.1477,
    1.112,
    1.0743,
    1.1158,
    15000.4878
  ],
  "dims95_per_layer": [
    1.0,
    12.5,
    42.8,
    29.8,
    62.8,
    74.5,
    58.5,
    69.8,
    79.8,
    67.8,
    75.2,
    72.2,
    80.5,
    52.8,
    59.5,
    67.0,
    61.8,
    71.2,
    46.8,
    37.0,
    63.2,
    67.2,
    58.2,
    69.5,
    61.2,
    71.2,
    64.0,
    44.5
  ],
  "representative_spectra": {
    "layer_0": {
      "key_eigenvalues": [
        262913.0,
        12.59323787689209,
        7.7698750495910645,
        7.6866135597229,
        7.539151191711426,
        6.896251678466797,
        5.037408828735352,
        4.055844306945801,
        3.0583059787750244,
        3.0461061000823975,
        2.759408473968506,
        2.736853837966919,
        2.2796318531036377,
        2.275027275085449,
        2.2163376808166504,
        2.0913572311401367,
        1.92537522315979,
        1.9016779661178589,
        1.6671627759933472,
        1.6614985466003418,
        1.6299360990524292,
        1.607089877128601,
        1.5661193132400513,
        1.3953979015350342,
        1.3799415826797485,
        1.3376834392547607,
        1.3296116590499878,
        1.2275304794311523,
        1.1634806394577026,
        0.9562826752662659,
        0.8869593739509583,
        0.8547713756561279,
        0.8189106583595276,
        0.7826364636421204,
        0.7354083061218262,
        0.733193039894104,
        0.695112943649292,
        0.6795992255210876,
        0.6486042737960815,
        0.6382192373275757,
        0.6022974252700806,
        0.5824744701385498,
        0.5224605202674866,
        0.5201627612113953,
        0.4961257874965668,
        0.4881380796432495,
        0.4800504744052887,
        0.47197580337524414,
        0.45563337206840515,
        0.43237045407295227,
        0.42745447158813477,
        0.41419559717178345,
        0.3995653986930847,
        0.36517736315727234,
        0.3567584455013275,
        0.3338126540184021,
        0.3264407217502594,
        0.3211308717727661,
        0.31651371717453003,
        0.2986442744731903,
        0.29241257905960083,
        0.29135435819625854,
        0.28974127769470215,
        0.28705844283103943
      ],
      "val_eigenvalues": [
        0.7889508008956909,
        0.6291382312774658,
        0.4135582745075226,
        0.39024144411087036,
        0.2839801013469696,
        0.2588079273700714,
        0.23888979852199554,
        0.19625452160835266,
        0.1843147724866867,
        0.18206939101219177,
        0.16096371412277222,
        0.15533995628356934,
        0.14781254529953003,
        0.14017856121063232,
        0.13060694932937622,
        0.12889640033245087,
        0.12447607517242432,
        0.11623911559581757,
        0.11459670960903168,
        0.11332473158836365,
        0.10937991738319397,
        0.10529225319623947,
        0.10259632766246796,
        0.10017979145050049,
        0.09804506599903107,
        0.09602327644824982,
        0.09385064244270325,
        0.0917731299996376,
        0.08917636424303055,
        0.08660783618688583,
        0.08346083015203476,
        0.08187560737133026,
        0.07988622039556503,
        0.07946754992008209,
        0.07797316461801529,
        0.07503944635391235,
        0.07368753105401993,
        0.07146605849266052,
        0.07039391249418259,
        0.06985965371131897,
        0.06784965097904205,
        0.06742491573095322,
        0.06537071615457535,
        0.06400696188211441,
        0.06397414952516556,
        0.06267402321100235,
        0.0616232305765152,
        0.059858538210392,
        0.059548407793045044,
        0.059026073664426804,
        0.058039575815200806,
        0.05698848143219948,
        0.05601102486252785,
        0.054591868072748184,
        0.05437018349766731,
        0.05307351052761078,
        0.05230988562107086,
        0.05138872191309929,
        0.05049685761332512,
        0.049507856369018555,
        0.04928348958492279,
        0.04868030920624733,
        0.04822396859526634,
        0.04716849699616432
      ],
      "key_d_eff": 1.000922441482544,
      "val_d_eff": 45.098758697509766
    },
    "layer_14": {
      "key_eigenvalues": [
        133.0418243408203,
        17.41012954711914,
        15.849294662475586,
        13.062359809875488,
        12.530741691589355,
        11.72860336303711,
        11.032330513000488,
        10.424459457397461,
        10.272680282592773,
        10.033347129821777,
        9.764336585998535,
        9.1345853805542,
        8.980687141418457,
        8.90166187286377,
        8.524260520935059,
        8.256178855895996,
        7.929060935974121,
        7.762506484985352,
        7.305420875549316,
        7.025580406188965,
        6.530531406402588,
        6.190043926239014,
        5.663669109344482,
        4.98189115524292,
        4.818265914916992,
        4.73684024810791,
        4.651229381561279,
        4.206592082977295,
        4.020631790161133,
        3.642815113067627,
        3.2869582176208496,
        2.9207844734191895,
        2.5724315643310547,
        2.488922595977783,
        2.13891863822937,
        1.9472966194152832,
        1.8102158308029175,
        1.5434335470199585,
        1.4461649656295776,
        1.312294840812683,
        1.1697345972061157,
        1.0890896320343018,
        1.0162417888641357,
        0.968090832233429,
        0.8865155577659607,
        0.8101379871368408,
        0.784550130367279,
        0.7108697891235352,
        0.6785731911659241,
        0.6362159252166748,
        0.5942401885986328,
        0.5671258568763733,
        0.5344569683074951,
        0.5070286393165588,
        0.48696261644363403,
        0.44908493757247925,
        0.4361247718334198,
        0.39240309596061707,
        0.3730870187282562,
        0.3625923991203308,
        0.34293463826179504,
        0.3315710127353668,
        0.32445716857910156,
        0.30897295475006104
      ],